path,date
5,2013-02-26
21,2013-02-26
37,2013-02-26
53,2013-02-26
69,2013-02-26
85,2013-02-26
110,2013-02-26
126,2013-02-26
142,2013-02-26
158,2013-02-26
174,2013-02-26
190,2013-02-26
206,2013-02-26
222,2013-02-26
12,2013-02-27
28,2013-02-27
44,2013-02-27
60,2013-02-27
76,2013-02-27
92,2013-02-27
101,2013-02-27
117,2013-02-27
133,2013-02-27
149,2013-02-27
165,2013-02-27
181,2013-02-27
197,2013-02-27
213,2013-02-27
229,2013-02-27
3,2013-02-12
19,2013-02-12
35,2013-02-12
51,2013-02-12
67,2013-02-12
83,2013-02-12
108,2013-02-12
124,2013-02-12
140,2013-02-12
156,2013-02-12
172,2013-02-12
188,2013-02-12
204,2013-02-12
220,2013-02-12
10,2013-02-13
26,2013-02-13
42,2013-02-13
58,2013-02-13
74,2013-02-13
90,2013-02-13
99,2013-02-13
115,2013-02-13
131,2013-02-13
147,2013-02-13
163,2013-02-13
179,2013-02-13
195,2013-02-13
211,2013-02-13
227,2013-02-13
1,2013-02-14
17,2013-02-14
33,2013-02-14
49,2013-02-14
65,2013-02-14
81,2013-02-14
97,2013-02-14
106,2013-02-14
122,2013-02-14
138,2013-02-14
154,2013-02-14
170,2013-02-14
186,2013-02-14
202,2013-02-14
218,2013-02-14
8,2013-02-15
24,2013-02-15
40,2013-02-15
56,2013-02-15
72,2013-02-15
88,2013-02-15
113,2013-02-15
129,2013-02-15
145,2013-02-15
161,2013-02-15
177,2013-02-15
193,2013-02-15
209,2013-02-15
225,2013-02-15
15,2013-02-16
31,2013-02-16
47,2013-02-16
63,2013-02-16
79,2013-02-16
95,2013-02-16
104,2013-02-16
120,2013-02-16
136,2013-02-16
152,2013-02-16
168,2013-02-16
184,2013-02-16
200,2013-02-16
216,2013-02-16
232,2013-02-16
6,2013-02-17
22,2013-02-17
38,2013-02-17
54,2013-02-17
70,2013-02-17
86,2013-02-17
111,2013-02-17
127,2013-02-17
143,2013-02-17
159,2013-02-17
175,2013-02-17
191,2013-02-17
207,2013-02-17
223,2013-02-17
13,2013-02-18
29,2013-02-18
45,2013-02-18
61,2013-02-18
77,2013-02-18
93,2013-02-18
102,2013-02-18
118,2013-02-18
134,2013-02-18
150,2013-02-18
166,2013-02-18
182,2013-02-18
198,2013-02-18
214,2013-02-18
230,2013-02-18
4,2013-02-19
20,2013-02-19
36,2013-02-19
52,2013-02-19
68,2013-02-19
84,2013-02-19
109,2013-02-19
125,2013-02-19
141,2013-02-19
157,2013-02-19
173,2013-02-19
189,2013-02-19
205,2013-02-19
221,2013-02-19
11,2013-02-20
27,2013-02-20
43,2013-02-20
59,2013-02-20
75,2013-02-20
91,2013-02-20
100,2013-02-20
116,2013-02-20
132,2013-02-20
148,2013-02-20
164,2013-02-20
180,2013-02-20
196,2013-02-20
212,2013-02-20
228,2013-02-20
2,2013-02-21
18,2013-02-21
34,2013-02-21
50,2013-02-21
66,2013-02-21
82,2013-02-21
107,2013-02-21
123,2013-02-21
139,2013-02-21
155,2013-02-21
171,2013-02-21
187,2013-02-21
203,2013-02-21
219,2013-02-21
9,2013-02-22
25,2013-02-22
41,2013-02-22
57,2013-02-22
73,2013-02-22
89,2013-02-22
98,2013-02-22
114,2013-02-22
130,2013-02-22
146,2013-02-22
162,2013-02-22
178,2013-02-22
194,2013-02-22
210,2013-02-22
226,2013-02-22
16,2013-02-23
32,2013-02-23
48,2013-02-23
64,2013-02-23
80,2013-02-23
96,2013-02-23
105,2013-02-23
121,2013-02-23
137,2013-02-23
153,2013-02-23
169,2013-02-23
185,2013-02-23
201,2013-02-23
217,2013-02-23
233,2013-02-23
7,2013-02-24
23,2013-02-24
39,2013-02-24
55,2013-02-24
71,2013-02-24
87,2013-02-24
112,2013-02-24
128,2013-02-24
144,2013-02-24
160,2013-02-24
176,2013-02-24
192,2013-02-24
208,2013-02-24
224,2013-02-24
14,2013-02-25
30,2013-02-25
46,2013-02-25
62,2013-02-25
78,2013-02-25
94,2013-02-25
103,2013-02-25
119,2013-02-25
135,2013-02-25
151,2013-02-25
167,2013-02-25
183,2013-02-25
199,2013-02-25
215,2013-02-25
231,2013-02-25
